filename,duration_seconds,status,pid,tid
cheese_plate_44764.jpg,0.020074844360351562,Success,28797,8758821184
cheese_plate_10057.jpg,0.013499021530151367,Success,28797,8758821184
cheese_plate_23703.jpg,0.013164997100830078,Success,28797,8758821184
cheese_plate_15716.jpg,0.013907194137573242,Success,28797,8758821184
cheese_plate_51154.jpg,0.012744903564453125,Success,28797,8758821184
cheese_plate_15676.jpg,0.012110233306884766,Success,28797,8758821184
cheese_plate_43009.jpg,0.010863780975341797,Success,28797,8758821184
cheese_plate_32541.jpg,0.012603998184204102,Success,28797,8758821184
cheese_plate_34800.jpg,0.012681961059570312,Success,28797,8758821184
cheese_plate_102849.jpg,0.012273311614990234,Success,28797,8758821184
cheese_plate_33559.jpg,0.012102127075195312,Success,28797,8758821184
cheese_plate_78002.jpg,0.013126850128173828,Success,28797,8758821184
cheese_plate_101176.jpg,0.012890815734863281,Success,28797,8758821184
cheese_plate_20251.jpg,0.012147188186645508,Success,28797,8758821184
cheese_plate_33763.jpg,0.012808084487915039,Success,28797,8758821184
cheese_plate_101161.jpg,0.013186216354370117,Success,28797,8758821184
cheese_plate_60460.jpg,0.012903928756713867,Success,28797,8758821184
cheese_plate_71004.jpg,0.011917829513549805,Success,28797,8758821184
cheese_plate_34175.jpg,0.012207269668579102,Success,28797,8758821184
cheese_plate_81451.jpg,0.012012004852294922,Success,28797,8758821184
cheese_plate_25324.jpg,0.012936115264892578,Success,28797,8758821184
cheese_plate_88850.jpg,0.013209104537963867,Success,28797,8758821184
cheese_plate_109241.jpg,0.012438058853149414,Success,28797,8758821184
cheese_plate_83860.jpg,0.01253819465637207,Success,28797,8758821184
cheese_plate_82000.jpg,0.012456178665161133,Success,28797,8758821184
cheese_plate_4656.jpg,0.013319969177246094,Success,28797,8758821184
cheese_plate_52235.jpg,0.0119171142578125,Success,28797,8758821184
cheese_plate_28610.jpg,0.01276087760925293,Success,28797,8758821184
cheese_plate_15208.jpg,0.011522054672241211,Success,28797,8758821184
cheese_plate_2219.jpg,0.01312112808227539,Success,28797,8758821184
cheese_plate_32919.jpg,0.011816978454589844,Success,28797,8758821184
cheese_plate_70257.jpg,0.012223958969116211,Success,28797,8758821184
cheese_plate_75104.jpg,0.012614250183105469,Success,28797,8758821184
cheese_plate_111794.jpg,0.010189056396484375,Success,28797,8758821184
cheese_plate_42903.jpg,0.011807918548583984,Success,28797,8758821184
cheese_plate_81579.jpg,0.01239919662475586,Success,28797,8758821184
cheese_plate_98941.jpg,0.008988142013549805,Success,28797,8758821184
cheese_plate_100370.jpg,0.011873960494995117,Success,28797,8758821184
cheese_plate_33684.jpg,0.013199806213378906,Success,28797,8758821184
cheese_plate_42901.jpg,0.012253999710083008,Success,28797,8758821184
cheese_plate_75029.jpg,0.01187896728515625,Success,28797,8758821184
cheese_plate_82884.jpg,0.011924266815185547,Success,28797,8758821184
cheese_plate_71673.jpg,0.012453794479370117,Success,28797,8758821184
cheese_plate_67628.jpg,0.012206077575683594,Success,28797,8758821184
cheese_plate_12089.jpg,0.015362024307250977,Success,28797,8758821184
cheese_plate_89108.jpg,0.01631307601928711,Success,28797,8758821184
cheese_plate_55739.jpg,0.013314962387084961,Success,28797,8758821184
cheese_plate_64533.jpg,0.01282811164855957,Success,28797,8758821184
cheese_plate_17721.jpg,0.01380777359008789,Success,28797,8758821184
cheese_plate_33708.jpg,0.01464390754699707,Success,28797,8758821184
garlic_bread_262626.jpg,0.015135049819946289,Success,28797,8758821184
garlic_bread_199764.jpg,0.01287078857421875,Success,28797,8758821184
garlic_bread_203741.jpg,0.014925241470336914,Success,28797,8758821184
garlic_bread_108691.jpg,0.014132976531982422,Success,28797,8758821184
garlic_bread_247927.jpg,0.012354135513305664,Success,28797,8758821184
garlic_bread_229634.jpg,0.0162050724029541,Success,28797,8758821184
garlic_bread_180782.jpg,0.012523174285888672,Success,28797,8758821184
garlic_bread_4212.jpg,0.013916969299316406,Success,28797,8758821184
garlic_bread_41234.jpg,0.013738870620727539,Success,28797,8758821184
garlic_bread_209608.jpg,0.012621164321899414,Success,28797,8758821184
garlic_bread_231627.jpg,0.014915704727172852,Success,28797,8758821184
garlic_bread_164517.jpg,0.012377023696899414,Success,28797,8758821184
garlic_bread_95606.jpg,0.014130115509033203,Success,28797,8758821184
garlic_bread_134443.jpg,0.013534069061279297,Success,28797,8758821184
garlic_bread_100478.jpg,0.013405084609985352,Success,28797,8758821184
garlic_bread_129015.jpg,0.012884140014648438,Success,28797,8758821184
garlic_bread_72688.jpg,0.012291908264160156,Success,28797,8758821184
garlic_bread_238360.jpg,0.012660980224609375,Success,28797,8758821184
garlic_bread_243052.jpg,0.013290166854858398,Success,28797,8758821184
garlic_bread_71366.jpg,0.01301717758178711,Success,28797,8758821184
garlic_bread_133323.jpg,0.013553142547607422,Success,28797,8758821184
garlic_bread_124105.jpg,0.013959169387817383,Success,28797,8758821184
garlic_bread_219956.jpg,0.012839078903198242,Success,28797,8758821184
garlic_bread_77925.jpg,0.012438058853149414,Success,28797,8758821184
garlic_bread_218445.jpg,0.012979984283447266,Success,28797,8758821184
garlic_bread_115053.jpg,0.012808084487915039,Success,28797,8758821184
garlic_bread_23036.jpg,0.012913942337036133,Success,28797,8758821184
garlic_bread_205405.jpg,0.012636899948120117,Success,28797,8758821184
garlic_bread_202829.jpg,0.012406110763549805,Success,28797,8758821184
garlic_bread_54491.jpg,0.012518882751464844,Success,28797,8758821184
garlic_bread_197479.jpg,0.013071298599243164,Success,28797,8758821184
garlic_bread_210828.jpg,0.013098955154418945,Success,28797,8758821184
garlic_bread_39079.jpg,0.012464761734008789,Success,28797,8758821184
garlic_bread_149717.jpg,0.01298213005065918,Success,28797,8758821184
garlic_bread_32925.jpg,0.012737035751342773,Success,28797,8758821184
garlic_bread_248936.jpg,0.012141942977905273,Success,28797,8758821184
garlic_bread_144781.jpg,0.01345515251159668,Success,28797,8758821184
garlic_bread_183859.jpg,0.01280832290649414,Success,28797,8758821184
garlic_bread_186277.jpg,0.012204885482788086,Success,28797,8758821184
garlic_bread_169312.jpg,0.01335287094116211,Success,28797,8758821184
garlic_bread_229201.jpg,0.013316869735717773,Success,28797,8758821184
garlic_bread_144737.jpg,0.016777992248535156,Success,28797,8758821184
garlic_bread_34878.jpg,0.013410806655883789,Success,28797,8758821184
garlic_bread_92932.jpg,0.017103195190429688,Success,28797,8758821184
garlic_bread_191123.jpg,0.012063980102539062,Success,28797,8758821184
garlic_bread_168786.jpg,0.012691020965576172,Success,28797,8758821184
garlic_bread_112176.jpg,0.012433052062988281,Success,28797,8758821184
garlic_bread_122260.jpg,0.017064809799194336,Success,28797,8758821184
garlic_bread_187811.jpg,0.012944936752319336,Success,28797,8758821184
garlic_bread_125056.jpg,0.015429019927978516,Success,28797,8758821184
ice_cream_85514.jpg,0.013788938522338867,Success,28797,8758821184
ice_cream_172466.jpg,0.01430201530456543,Success,28797,8758821184
ice_cream_118126.jpg,0.014116764068603516,Success,28797,8758821184
ice_cream_128556.jpg,0.012401819229125977,Success,28797,8758821184
ice_cream_38337.jpg,0.012126922607421875,Success,28797,8758821184
ice_cream_130441.jpg,0.013329029083251953,Success,28797,8758821184
ice_cream_155035.jpg,0.012649297714233398,Success,28797,8758821184
ice_cream_143864.jpg,0.013292074203491211,Success,28797,8758821184
ice_cream_137699.jpg,0.012642145156860352,Success,28797,8758821184
ice_cream_130043.jpg,0.018073081970214844,Success,28797,8758821184
ice_cream_102595.jpg,0.014723062515258789,Success,28797,8758821184
ice_cream_59144.jpg,0.012933731079101562,Success,28797,8758821184
ice_cream_97166.jpg,0.012001991271972656,Success,28797,8758821184
ice_cream_144799.jpg,0.012173175811767578,Success,28797,8758821184
ice_cream_23601.jpg,0.012250900268554688,Success,28797,8758821184
ice_cream_116769.jpg,0.012696027755737305,Success,28797,8758821184
ice_cream_48073.jpg,0.011633157730102539,Success,28797,8758821184
ice_cream_14484.jpg,0.012952089309692383,Success,28797,8758821184
ice_cream_164659.jpg,0.012352943420410156,Success,28797,8758821184
ice_cream_90167.jpg,0.013011932373046875,Success,28797,8758821184
ice_cream_15420.jpg,0.018853187561035156,Success,28797,8758821184
ice_cream_89027.jpg,0.011982202529907227,Success,28797,8758821184
ice_cream_121650.jpg,0.012298107147216797,Success,28797,8758821184
ice_cream_137146.jpg,0.012421131134033203,Success,28797,8758821184
ice_cream_45200.jpg,0.012031078338623047,Success,28797,8758821184
ice_cream_157314.jpg,0.013875961303710938,Success,28797,8758821184
ice_cream_55601.jpg,0.01260995864868164,Success,28797,8758821184
ice_cream_96935.jpg,0.01200103759765625,Success,28797,8758821184
ice_cream_5762.jpg,0.014277219772338867,Success,28797,8758821184
ice_cream_154008.jpg,0.012455940246582031,Success,28797,8758821184
ice_cream_44859.jpg,0.008800983428955078,Success,28797,8758821184
ice_cream_178326.jpg,0.01256704330444336,Success,28797,8758821184
ice_cream_162418.jpg,0.012657880783081055,Success,28797,8758821184
ice_cream_1164.jpg,0.011363029479980469,Success,28797,8758821184
ice_cream_166751.jpg,0.011975765228271484,Success,28797,8758821184
ice_cream_25026.jpg,0.012991905212402344,Success,28797,8758821184
ice_cream_33485.jpg,0.01223897933959961,Success,28797,8758821184
ice_cream_120472.jpg,0.0125579833984375,Success,28797,8758821184
ice_cream_138570.jpg,0.012453794479370117,Success,28797,8758821184
ice_cream_101858.jpg,0.013484954833984375,Success,28797,8758821184
ice_cream_69414.jpg,0.012125015258789062,Success,28797,8758821184
ice_cream_63878.jpg,0.01300501823425293,Success,28797,8758821184
ice_cream_104465.jpg,0.013175249099731445,Success,28797,8758821184
ice_cream_19487.jpg,0.013138055801391602,Success,28797,8758821184
ice_cream_47909.jpg,0.018728017807006836,Success,28797,8758821184
ice_cream_71511.jpg,0.013823986053466797,Success,28797,8758821184
ice_cream_45059.jpg,0.01252293586730957,Success,28797,8758821184
ice_cream_128955.jpg,0.013412237167358398,Success,28797,8758821184
ice_cream_128941.jpg,0.012758016586303711,Success,28797,8758821184
ice_cream_20777.jpg,0.013072967529296875,Success,28797,8758821184
tuna_tartare_24053.jpg,0.012845993041992188,Success,28797,8758821184
tuna_tartare_92525.jpg,0.012681961059570312,Success,28797,8758821184
tuna_tartare_33658.jpg,0.012043952941894531,Success,28797,8758821184
tuna_tartare_43750.jpg,0.012636899948120117,Success,28797,8758821184
tuna_tartare_154702.jpg,0.013028860092163086,Success,28797,8758821184
tuna_tartare_54399.jpg,0.012206077575683594,Success,28797,8758821184
tuna_tartare_34487.jpg,0.012627124786376953,Success,28797,8758821184
tuna_tartare_36290.jpg,0.011074066162109375,Success,28797,8758821184
tuna_tartare_36051.jpg,0.012558937072753906,Success,28797,8758821184
tuna_tartare_152831.jpg,0.01268625259399414,Success,28797,8758821184
tuna_tartare_91163.jpg,0.013122081756591797,Success,28797,8758821184
tuna_tartare_75795.jpg,0.012475013732910156,Success,28797,8758821184
tuna_tartare_33065.jpg,0.012998819351196289,Success,28797,8758821184
tuna_tartare_53579.jpg,0.012992143630981445,Success,28797,8758821184
tuna_tartare_51230.jpg,0.01401209831237793,Success,28797,8758821184
tuna_tartare_70228.jpg,0.015032052993774414,Success,28797,8758821184
tuna_tartare_147625.jpg,0.012077808380126953,Success,28797,8758821184
tuna_tartare_145813.jpg,0.013048887252807617,Success,28797,8758821184
tuna_tartare_146831.jpg,0.011363744735717773,Success,28797,8758821184
tuna_tartare_102915.jpg,0.013036012649536133,Success,28797,8758821184
tuna_tartare_42175.jpg,0.010418176651000977,Success,28797,8758821184
tuna_tartare_101560.jpg,0.012844085693359375,Success,28797,8758821184
tuna_tartare_108552.jpg,0.012830018997192383,Success,28797,8758821184
tuna_tartare_53907.jpg,0.012985944747924805,Success,28797,8758821184
tuna_tartare_90780.jpg,0.012322664260864258,Success,28797,8758821184
tuna_tartare_145862.jpg,0.013000249862670898,Success,28797,8758821184
tuna_tartare_3519.jpg,0.011511087417602539,Success,28797,8758821184
tuna_tartare_99979.jpg,0.012004852294921875,Success,28797,8758821184
tuna_tartare_73581.jpg,0.013113021850585938,Success,28797,8758821184
tuna_tartare_62315.jpg,0.012661933898925781,Success,28797,8758821184
tuna_tartare_41718.jpg,0.012235879898071289,Success,28797,8758821184
tuna_tartare_11517.jpg,0.012460708618164062,Success,28797,8758821184
tuna_tartare_38202.jpg,0.01283407211303711,Success,28797,8758821184
tuna_tartare_115871.jpg,0.012593984603881836,Success,28797,8758821184
tuna_tartare_118399.jpg,0.012756824493408203,Success,28797,8758821184
tuna_tartare_61957.jpg,0.013643980026245117,Success,28797,8758821184
tuna_tartare_92149.jpg,0.0177762508392334,Success,28797,8758821184
tuna_tartare_101595.jpg,0.01307225227355957,Success,28797,8758821184
tuna_tartare_74620.jpg,0.01751399040222168,Success,28797,8758821184
tuna_tartare_108172.jpg,0.012726068496704102,Success,28797,8758821184
tuna_tartare_17806.jpg,0.013207197189331055,Success,28797,8758821184
tuna_tartare_24955.jpg,0.01332402229309082,Success,28797,8758821184
tuna_tartare_147706.jpg,0.009534835815429688,Success,28797,8758821184
tuna_tartare_19801.jpg,0.012563228607177734,Success,28797,8758821184
tuna_tartare_75677.jpg,0.011036872863769531,Success,28797,8758821184
tuna_tartare_20924.jpg,0.012962102890014648,Success,28797,8758821184
tuna_tartare_145214.jpg,0.012722969055175781,Success,28797,8758821184
tuna_tartare_142959.jpg,0.012581110000610352,Success,28797,8758821184
tuna_tartare_99695.jpg,0.012205123901367188,Success,28797,8758821184
tuna_tartare_145826.jpg,0.012652873992919922,Success,28797,8758821184
waffles_314148.jpg,0.012686014175415039,Success,28797,8758821184
waffles_6603.jpg,0.01276397705078125,Success,28797,8758821184
waffles_55093.jpg,0.011726140975952148,Success,28797,8758821184
waffles_70789.jpg,0.013151168823242188,Success,28797,8758821184
waffles_312739.jpg,0.014007806777954102,Success,28797,8758821184
waffles_96181.jpg,0.013230085372924805,Success,28797,8758821184
waffles_57325.jpg,0.012181997299194336,Success,28797,8758821184
waffles_82242.jpg,0.013055086135864258,Success,28797,8758821184
waffles_20378.jpg,0.012564897537231445,Success,28797,8758821184
waffles_87930.jpg,0.012618064880371094,Success,28797,8758821184
waffles_31831.jpg,0.012625932693481445,Success,28797,8758821184
waffles_78000.jpg,0.013502359390258789,Success,28797,8758821184
waffles_43069.jpg,0.012424945831298828,Success,28797,8758821184
waffles_6312.jpg,0.012932062149047852,Success,28797,8758821184
waffles_11088.jpg,0.012697935104370117,Success,28797,8758821184
waffles_30536.jpg,0.012774944305419922,Success,28797,8758821184
waffles_28437.jpg,0.012811899185180664,Success,28797,8758821184
waffles_76239.jpg,0.0124969482421875,Success,28797,8758821184
waffles_35506.jpg,0.012327909469604492,Success,28797,8758821184
waffles_29488.jpg,0.01350092887878418,Success,28797,8758821184
waffles_97015.jpg,0.012950897216796875,Success,28797,8758821184
waffles_71341.jpg,0.012378931045532227,Success,28797,8758821184
waffles_57352.jpg,0.012274980545043945,Success,28797,8758821184
waffles_29115 4.43.46 PM.jpg,0.012582063674926758,Success,28797,8758821184
waffles_97567.jpg,0.013174057006835938,Success,28797,8758821184
waffles_97524 copy.jpg,0.013881683349609375,Success,28797,8758821184
waffles_88648.jpg,0.012511253356933594,Success,28797,8758821184
waffles_44343 4.43.46 PM.jpg,0.012663125991821289,Success,28797,8758821184
waffles_38216.jpg,0.011024951934814453,Success,28797,8758821184
waffles_3539.jpg,0.0112152099609375,Success,28797,8758821184
waffles_315203.jpg,0.01365804672241211,Success,28797,8758821184
waffles_60308.jpg,0.01248788833618164,Success,28797,8758821184
waffles_1702.jpg,0.01347804069519043,Success,28797,8758821184
waffles_29126.jpg,0.013000011444091797,Success,28797,8758821184
waffles_55947.jpg,0.012172937393188477,Success,28797,8758821184
waffles_29912.jpg,0.01276397705078125,Success,28797,8758821184
waffles_3138.jpg,0.012888193130493164,Success,28797,8758821184
waffles_21998.jpg,0.012187004089355469,Success,28797,8758821184
waffles_98131 4.43.46 PM.jpg,0.012362957000732422,Success,28797,8758821184
waffles_74327 4.43.46 PM.jpg,0.012733221054077148,Success,28797,8758821184
waffles_12160.jpg,0.012243032455444336,Success,28797,8758821184
waffles_77990.jpg,0.012881994247436523,Success,28797,8758821184
waffles_61894.jpg,0.012643098831176758,Success,28797,8758821184
waffles_55114.jpg,0.012962818145751953,Success,28797,8758821184
waffles_311361.jpg,0.013900041580200195,Success,28797,8758821184
waffles_310725.jpg,0.01434016227722168,Success,28797,8758821184
waffles_59277.jpg,0.013016223907470703,Success,28797,8758821184
waffles_97524.jpg,0.013520002365112305,Success,28797,8758821184
waffles_41942.jpg,0.012073993682861328,Success,28797,8758821184
waffles_29618.jpg,0.011433839797973633,Success,28797,8758821184
poutine_49254.jpg,0.01256418228149414,Success,28797,8758821184
poutine_133176.jpg,0.01266789436340332,Success,28797,8758821184
poutine_150216.jpg,0.012387990951538086,Success,28797,8758821184
poutine_169093.jpg,0.013457775115966797,Success,28797,8758821184
poutine_150821.jpg,0.013458967208862305,Success,28797,8758821184
poutine_37405.jpg,0.013376951217651367,Success,28797,8758821184
poutine_105398.jpg,0.01267099380493164,Success,28797,8758821184
poutine_56398.jpg,0.012542963027954102,Success,28797,8758821184
poutine_9252.jpg,0.012379884719848633,Success,28797,8758821184
poutine_106693.jpg,0.01355123519897461,Success,28797,8758821184
poutine_140836.jpg,0.012481212615966797,Success,28797,8758821184
poutine_118540.jpg,0.01272892951965332,Success,28797,8758821184
poutine_123677.jpg,0.013768911361694336,Success,28797,8758821184
poutine_146832.jpg,0.014145135879516602,Success,28797,8758821184
poutine_18293.jpg,0.015594959259033203,Success,28797,8758821184
poutine_139953.jpg,0.014987945556640625,Success,28797,8758821184
poutine_16093.jpg,0.013212919235229492,Success,28797,8758821184
poutine_140048.jpg,0.012671947479248047,Success,28797,8758821184
poutine_142930.jpg,0.013110876083374023,Success,28797,8758821184
poutine_39893.jpg,0.013002872467041016,Success,28797,8758821184
poutine_73030.jpg,0.01253199577331543,Success,28797,8758821184
poutine_102911.jpg,0.010525226593017578,Success,28797,8758821184
poutine_21784.jpg,0.013993978500366211,Success,28797,8758821184
poutine_57377.jpg,0.012833833694458008,Success,28797,8758821184
poutine_71013.jpg,0.011862039566040039,Success,28797,8758821184
poutine_55007.jpg,0.013753175735473633,Success,28797,8758821184
poutine_72484.jpg,0.012556076049804688,Success,28797,8758821184
poutine_125745.jpg,0.01300811767578125,Success,28797,8758821184
poutine_13057.jpg,0.012698888778686523,Success,28797,8758821184
poutine_128673.jpg,0.012491941452026367,Success,28797,8758821184
poutine_85455.jpg,0.01351785659790039,Success,28797,8758821184
poutine_164608.jpg,0.01376199722290039,Success,28797,8758821184
poutine_150368.jpg,0.017015933990478516,Success,28797,8758821184
poutine_114270.jpg,0.012900114059448242,Success,28797,8758821184
poutine_36700.jpg,0.013636112213134766,Success,28797,8758821184
poutine_130660.jpg,0.012753963470458984,Success,28797,8758821184
poutine_24846.jpg,0.012488126754760742,Success,28797,8758821184
poutine_10671.jpg,0.012167930603027344,Success,28797,8758821184
poutine_35181.jpg,0.01338505744934082,Success,28797,8758821184
poutine_155575.jpg,0.013434171676635742,Success,28797,8758821184
poutine_19253.jpg,0.01341390609741211,Success,28797,8758821184
poutine_145411.jpg,0.012937307357788086,Success,28797,8758821184
poutine_76915.jpg,0.013144969940185547,Success,28797,8758821184
poutine_154691.jpg,0.013026952743530273,Success,28797,8758821184
poutine_23874.jpg,0.013070821762084961,Success,28797,8758821184
poutine_35795.jpg,0.013466119766235352,Success,28797,8758821184
poutine_142145.jpg,0.013406038284301758,Success,28797,8758821184
poutine_58786.jpg,0.013957738876342773,Success,28797,8758821184
poutine_5065.jpg,0.013499975204467773,Success,28797,8758821184
poutine_171836.jpg,0.014254093170166016,Success,28797,8758821184
beet_salad_116718.jpg,0.012818098068237305,Success,28797,8758821184
beet_salad_132686.jpg,0.013693809509277344,Success,28797,8758821184
beet_salad_37371.jpg,0.013975143432617188,Success,28797,8758821184
beet_salad_149433.jpg,0.012379169464111328,Success,28797,8758821184
beet_salad_70952.jpg,0.012625932693481445,Success,28797,8758821184
beet_salad_142558.jpg,0.012394905090332031,Success,28797,8758821184
beet_salad_128756.jpg,0.013037919998168945,Success,28797,8758821184
beet_salad_104294.jpg,0.011276960372924805,Success,28797,8758821184
beet_salad_123616.jpg,0.01417684555053711,Success,28797,8758821184
beet_salad_158515.jpg,0.01397705078125,Success,28797,8758821184
beet_salad_136192.jpg,0.01314091682434082,Success,28797,8758821184
beet_salad_127272.jpg,0.013252019882202148,Success,28797,8758821184
beet_salad_21925.jpg,0.014797210693359375,Success,28797,8758821184
beet_salad_15302.jpg,0.013511896133422852,Success,28797,8758821184
beet_salad_114487.jpg,0.01265406608581543,Success,28797,8758821184
beet_salad_120442.jpg,0.012310028076171875,Success,28797,8758821184
beet_salad_35947.jpg,0.013269901275634766,Success,28797,8758821184
beet_salad_37003.jpg,0.01246786117553711,Success,28797,8758821184
beet_salad_140878.jpg,0.013096809387207031,Success,28797,8758821184
beet_salad_148028.jpg,0.012545108795166016,Success,28797,8758821184
beet_salad_84091.jpg,0.013600826263427734,Success,28797,8758821184
beet_salad_80949.jpg,0.013253927230834961,Success,28797,8758821184
beet_salad_3685.jpg,0.013545036315917969,Success,28797,8758821184
beet_salad_121088.jpg,0.012557029724121094,Success,28797,8758821184
beet_salad_9791.jpg,0.011213064193725586,Success,28797,8758821184
beet_salad_151397.jpg,0.012679815292358398,Success,28797,8758821184
beet_salad_26609.jpg,0.013447046279907227,Success,28797,8758821184
beet_salad_153779.jpg,0.01225423812866211,Success,28797,8758821184
beet_salad_75494.jpg,0.012566089630126953,Success,28797,8758821184
beet_salad_44885.jpg,0.01278996467590332,Success,28797,8758821184
beet_salad_17358.jpg,0.013545989990234375,Success,28797,8758821184
beet_salad_66574.jpg,0.012653827667236328,Success,28797,8758821184
beet_salad_925.jpg,0.012438058853149414,Success,28797,8758821184
beet_salad_65703.jpg,0.012948989868164062,Success,28797,8758821184
beet_salad_148815.jpg,0.014087915420532227,Success,28797,8758821184
beet_salad_90403.jpg,0.013474225997924805,Success,28797,8758821184
beet_salad_141749.jpg,0.012289047241210938,Success,28797,8758821184
beet_salad_48297.jpg,0.013651847839355469,Success,28797,8758821184
beet_salad_149937.jpg,0.012750864028930664,Success,28797,8758821184
beet_salad_8508.jpg,0.012402057647705078,Success,28797,8758821184
beet_salad_36997.jpg,0.013833999633789062,Success,28797,8758821184
beet_salad_58733.jpg,0.014144659042358398,Success,28797,8758821184
beet_salad_12969.jpg,0.01466512680053711,Success,28797,8758821184
beet_salad_77205.jpg,0.014564990997314453,Success,28797,8758821184
beet_salad_9505.jpg,0.013002872467041016,Success,28797,8758821184
beet_salad_131435.jpg,0.01206517219543457,Success,28797,8758821184
beet_salad_53.jpg,0.018159151077270508,Success,28797,8758821184
beet_salad_16364.jpg,0.013087987899780273,Success,28797,8758821184
beet_salad_48219.jpg,0.012066125869750977,Success,28797,8758821184
beet_salad_85874.jpg,0.01293802261352539,Success,28797,8758821184
hot_dog_87840.jpg,0.012905120849609375,Success,28797,8758821184
hot_dog_26718.jpg,0.012333869934082031,Success,28797,8758821184
hot_dog_34679.jpg,0.013731241226196289,Success,28797,8758821184
hot_dog_56607.jpg,0.012454748153686523,Success,28797,8758821184
hot_dog_41227.jpg,0.013535022735595703,Success,28797,8758821184
hot_dog_41226.jpg,0.012788057327270508,Success,28797,8758821184
hot_dog_74931.jpg,0.012650012969970703,Success,28797,8758821184
hot_dog_84383.jpg,0.013137102127075195,Success,28797,8758821184
hot_dog_82094.jpg,0.013047933578491211,Success,28797,8758821184
hot_dog_61252.jpg,0.011631011962890625,Success,28797,8758821184
hot_dog_67755.jpg,0.012480020523071289,Success,28797,8758821184
hot_dog_5079.jpg,0.01219487190246582,Success,28797,8758821184
hot_dog_73523.jpg,0.012302160263061523,Success,28797,8758821184
hot_dog_55453.jpg,0.01253199577331543,Success,28797,8758821184
hot_dog_42339.jpg,0.013473033905029297,Success,28797,8758821184
hot_dog_64038.jpg,0.012608051300048828,Success,28797,8758821184
hot_dog_90233.jpg,0.013606071472167969,Success,28797,8758821184
hot_dog_3690.jpg,0.013456106185913086,Success,28797,8758821184
hot_dog_30292.jpg,0.013303995132446289,Success,28797,8758821184
hot_dog_14043.jpg,0.012899637222290039,Success,28797,8758821184
hot_dog_87603.jpg,0.012598991394042969,Success,28797,8758821184
hot_dog_45813.jpg,0.012194156646728516,Success,28797,8758821184
hot_dog_51643.jpg,0.012942075729370117,Success,28797,8758821184
hot_dog_50617.jpg,0.012273073196411133,Success,28797,8758821184
hot_dog_2417.jpg,0.01322793960571289,Success,28797,8758821184
hot_dog_51048.jpg,0.011945009231567383,Success,28797,8758821184
hot_dog_83440.jpg,0.01265406608581543,Success,28797,8758821184
hot_dog_83858.jpg,0.012812137603759766,Success,28797,8758821184
hot_dog_70867.jpg,0.012525081634521484,Success,28797,8758821184
hot_dog_54269.jpg,0.011970758438110352,Success,28797,8758821184
hot_dog_85154.jpg,0.012802839279174805,Success,28797,8758821184
hot_dog_13678.jpg,0.01281595230102539,Success,28797,8758821184
hot_dog_50782.jpg,0.013112068176269531,Success,28797,8758821184
hot_dog_76618.jpg,0.012428045272827148,Success,28797,8758821184
hot_dog_39534.jpg,0.01730203628540039,Success,28797,8758821184
hot_dog_27044.jpg,0.013067960739135742,Success,28797,8758821184
hot_dog_17651.jpg,0.012581825256347656,Success,28797,8758821184
hot_dog_76331.jpg,0.012674808502197266,Success,28797,8758821184
hot_dog_76904.jpg,0.013247013092041016,Success,28797,8758821184
hot_dog_76722.jpg,0.012475013732910156,Success,28797,8758821184
hot_dog_10464.jpg,0.012738943099975586,Success,28797,8758821184
hot_dog_91220.jpg,0.011888980865478516,Success,28797,8758821184
hot_dog_15914.jpg,0.012935161590576172,Success,28797,8758821184
hot_dog_79602.jpg,0.01410984992980957,Success,28797,8758821184
hot_dog_59263.jpg,0.012805938720703125,Success,28797,8758821184
hot_dog_21643.jpg,0.012048721313476562,Success,28797,8758821184
hot_dog_47936.jpg,0.012506723403930664,Success,28797,8758821184
hot_dog_7896.jpg,0.012540817260742188,Success,28797,8758821184
hot_dog_84411.jpg,0.013094902038574219,Success,28797,8758821184
hot_dog_54585.jpg,0.01700305938720703,Success,28797,8758821184
pad_thai_52660.jpg,0.01293802261352539,Success,28797,8758821184
pad_thai_15933.jpg,0.012741804122924805,Success,28797,8758821184
pad_thai_94744.jpg,0.013212203979492188,Success,28797,8758821184
pad_thai_4770.jpg,0.013034820556640625,Success,28797,8758821184
pad_thai_127707.jpg,0.01271820068359375,Success,28797,8758821184
pad_thai_108860.jpg,0.010982990264892578,Success,28797,8758821184
pad_thai_134342.jpg,0.013111114501953125,Success,28797,8758821184
pad_thai_20627.jpg,0.014306068420410156,Success,28797,8758821184
pad_thai_54549.jpg,0.012271881103515625,Success,28797,8758821184
pad_thai_134346.jpg,0.012977838516235352,Success,28797,8758821184
pad_thai_136545.jpg,0.013082027435302734,Success,28797,8758821184
pad_thai_78461.jpg,0.012647867202758789,Success,28797,8758821184
pad_thai_8984.jpg,0.013991832733154297,Success,28797,8758821184
pad_thai_102781.jpg,0.012507915496826172,Success,28797,8758821184
pad_thai_20797.jpg,0.011675119400024414,Success,28797,8758821184
pad_thai_32556.jpg,0.012439727783203125,Success,28797,8758821184
pad_thai_53859.jpg,0.013149261474609375,Success,28797,8758821184
pad_thai_73180.jpg,0.012457847595214844,Success,28797,8758821184
pad_thai_48274.jpg,0.028784990310668945,Success,28797,8758821184
pad_thai_124133.jpg,0.013499021530151367,Success,28797,8758821184
pad_thai_28783.jpg,0.012286901473999023,Success,28797,8758821184
pad_thai_51734.jpg,0.012763023376464844,Success,28797,8758821184
pad_thai_38768.jpg,0.01253199577331543,Success,28797,8758821184
pad_thai_41693.jpg,0.012888669967651367,Success,28797,8758821184
pad_thai_127951.jpg,0.012542963027954102,Success,28797,8758821184
pad_thai_119908.jpg,0.01288294792175293,Success,28797,8758821184
pad_thai_123534.jpg,0.012228012084960938,Success,28797,8758821184
pad_thai_62326.jpg,0.013301849365234375,Success,28797,8758821184
pad_thai_71213.jpg,0.013448953628540039,Success,28797,8758821184
pad_thai_94317.jpg,0.013238191604614258,Success,28797,8758821184
pad_thai_42609.jpg,0.013289928436279297,Success,28797,8758821184
pad_thai_13080.jpg,0.012661933898925781,Success,28797,8758821184
pad_thai_33783.jpg,0.012676000595092773,Success,28797,8758821184
pad_thai_81331.jpg,0.012553215026855469,Success,28797,8758821184
pad_thai_90566.jpg,0.014521121978759766,Success,28797,8758821184
pad_thai_61986.jpg,0.012634992599487305,Success,28797,8758821184
pad_thai_132373.jpg,0.012904167175292969,Success,28797,8758821184
pad_thai_116063.jpg,0.013525009155273438,Success,28797,8758821184
pad_thai_58350.jpg,0.012836217880249023,Success,28797,8758821184
pad_thai_52480.jpg,0.012889862060546875,Success,28797,8758821184
pad_thai_89859.jpg,0.012964725494384766,Success,28797,8758821184
pad_thai_1167.jpg,0.012130022048950195,Success,28797,8758821184
pad_thai_22777.jpg,0.013312101364135742,Success,28797,8758821184
pad_thai_43376.jpg,0.013592243194580078,Success,28797,8758821184
pad_thai_48151.jpg,0.01310586929321289,Success,28797,8758821184
pad_thai_103483.jpg,0.01278996467590332,Success,28797,8758821184
pad_thai_66939.jpg,0.013104915618896484,Success,28797,8758821184
pad_thai_6021.jpg,0.01429295539855957,Success,28797,8758821184
pad_thai_120502.jpg,0.013400077819824219,Success,28797,8758821184
pad_thai_32199.jpg,0.012096166610717773,Success,28797,8758821184
tiramisu_193302.jpg,0.011116743087768555,Success,28797,8758821184
tiramisu_256970.jpg,0.013480901718139648,Success,28797,8758821184
tiramisu_233858.jpg,0.01402592658996582,Success,28797,8758821184
tiramisu_175719.jpg,0.012297868728637695,Success,28797,8758821184
tiramisu_123563.jpg,0.013747930526733398,Success,28797,8758821184
tiramisu_199014.jpg,0.015288114547729492,Success,28797,8758821184
tiramisu_80043.jpg,0.012589216232299805,Success,28797,8758821184
tiramisu_177938.jpg,0.012858152389526367,Success,28797,8758821184
tiramisu_162528.jpg,0.01212000846862793,Success,28797,8758821184
tiramisu_103850.jpg,0.01195216178894043,Success,28797,8758821184
tiramisu_33703.jpg,0.013025045394897461,Success,28797,8758821184
tiramisu_213231.jpg,0.012731075286865234,Success,28797,8758821184
tiramisu_23840.jpg,0.012499332427978516,Success,28797,8758821184
tiramisu_266040.jpg,0.012570858001708984,Success,28797,8758821184
tiramisu_238698.jpg,0.011900186538696289,Success,28797,8758821184
tiramisu_222658.jpg,0.012600183486938477,Success,28797,8758821184
tiramisu_165391.jpg,0.013212919235229492,Success,28797,8758821184
tiramisu_17189.jpg,0.012845993041992188,Success,28797,8758821184
tiramisu_217757.jpg,0.01320791244506836,Success,28797,8758821184
tiramisu_183429.jpg,0.012532949447631836,Success,28797,8758821184
tiramisu_139188.jpg,0.011574029922485352,Success,28797,8758821184
tiramisu_274756.jpg,0.012544870376586914,Success,28797,8758821184
tiramisu_180323.jpg,0.01287388801574707,Success,28797,8758821184
tiramisu_220677.jpg,0.012109994888305664,Success,28797,8758821184
tiramisu_245602.jpg,0.01176595687866211,Success,28797,8758821184
tiramisu_274545.jpg,0.011097192764282227,Success,28797,8758821184
tiramisu_64942.jpg,0.013330221176147461,Success,28797,8758821184
tiramisu_273942.jpg,0.011210918426513672,Success,28797,8758821184
tiramisu_11272.jpg,0.012658119201660156,Success,28797,8758821184
tiramisu_272661.jpg,0.012538909912109375,Success,28797,8758821184
tiramisu_82628.jpg,0.012737035751342773,Success,28797,8758821184
tiramisu_105485.jpg,0.012079954147338867,Success,28797,8758821184
tiramisu_105532.jpg,0.016969919204711914,Success,28797,8758821184
tiramisu_2434.jpg,0.012301206588745117,Success,28797,8758821184
tiramisu_232335.jpg,0.012187004089355469,Success,28797,8758821184
tiramisu_252210.jpg,0.013508796691894531,Success,28797,8758821184
tiramisu_259191.jpg,0.016765117645263672,Success,28797,8758821184
tiramisu_206668.jpg,0.012948274612426758,Success,28797,8758821184
tiramisu_100504.jpg,0.012338876724243164,Success,28797,8758821184
tiramisu_6032.jpg,0.014156103134155273,Success,28797,8758821184
tiramisu_163992.jpg,0.012923240661621094,Success,28797,8758821184
tiramisu_18038.jpg,0.011667013168334961,Success,28797,8758821184
tiramisu_124945.jpg,0.012511014938354492,Success,28797,8758821184
tiramisu_62828.jpg,0.013412952423095703,Success,28797,8758821184
tiramisu_152790.jpg,0.014049053192138672,Success,28797,8758821184
tiramisu_217317.jpg,0.012967348098754883,Success,28797,8758821184
tiramisu_96202.jpg,0.01322031021118164,Success,28797,8758821184
tiramisu_175106.jpg,0.013521909713745117,Success,28797,8758821184
tiramisu_31533.jpg,0.013508081436157227,Success,28797,8758821184
tiramisu_2680.jpg,0.013000965118408203,Success,28797,8758821184
apple_pie_64846.jpg,0.012617349624633789,Success,28797,8758821184
apple_pie_112378.jpg,0.012834787368774414,Success,28797,8758821184
apple_pie_21063.jpg,0.012480974197387695,Success,28797,8758821184
apple_pie_175848.jpg,0.012093067169189453,Success,28797,8758821184
apple_pie_23893.jpg,0.013185977935791016,Success,28797,8758821184
apple_pie_229142.jpg,0.013505935668945312,Success,28797,8758821184
apple_pie_259923.jpg,0.01619720458984375,Success,28797,8758821184
apple_pie_80734.jpg,0.017199993133544922,Success,28797,8758821184
apple_pie_85857.jpg,0.012218952178955078,Success,28797,8758821184
apple_pie_83981.jpg,0.01119375228881836,Success,28797,8758821184
apple_pie_182745.jpg,0.01217508316040039,Success,28797,8758821184
apple_pie_98352.jpg,0.012994050979614258,Success,28797,8758821184
apple_pie_63651.jpg,0.013679265975952148,Success,28797,8758821184
apple_pie_245712.jpg,0.013779878616333008,Success,28797,8758821184
apple_pie_238868.jpg,0.013813972473144531,Success,28797,8758821184
apple_pie_235537.jpg,0.012907743453979492,Success,28797,8758821184
apple_pie_157083.jpg,0.012649059295654297,Success,28797,8758821184
apple_pie_110043.jpg,0.01318979263305664,Success,28797,8758821184
apple_pie_222074.jpg,0.012439966201782227,Success,28797,8758821184
apple_pie_257377.jpg,0.012169837951660156,Success,28797,8758821184
apple_pie_118237.jpg,0.017041921615600586,Success,28797,8758821184
apple_pie_38795.jpg,0.011651039123535156,Success,28797,8758821184
apple_pie_136256.jpg,0.012436151504516602,Success,28797,8758821184
apple_pie_134.jpg,0.013232946395874023,Success,28797,8758821184
apple_pie_214334.jpg,0.011764049530029297,Success,28797,8758821184
apple_pie_224383.jpg,0.012706995010375977,Success,28797,8758821184
apple_pie_257378.jpg,0.012630701065063477,Success,28797,8758821184
apple_pie_185537.jpg,0.015208005905151367,Success,28797,8758821184
apple_pie_103801.jpg,0.012171030044555664,Success,28797,8758821184
apple_pie_202741.jpg,0.013393878936767578,Success,28797,8758821184
apple_pie_128259.jpg,0.011938810348510742,Success,28797,8758821184
apple_pie_98449.jpg,0.012013673782348633,Success,28797,8758821184
apple_pie_208041.jpg,0.014272928237915039,Success,28797,8758821184
apple_pie_68383.jpg,0.011504888534545898,Success,28797,8758821184
apple_pie_195087.jpg,0.013416051864624023,Success,28797,8758821184
apple_pie_89035.jpg,0.013398885726928711,Success,28797,8758821184
apple_pie_142332.jpg,0.012702226638793945,Success,28797,8758821184
apple_pie_99556.jpg,0.012581825256347656,Success,28797,8758821184
apple_pie_246113.jpg,0.013706207275390625,Success,28797,8758821184
apple_pie_236966.jpg,0.016438007354736328,Success,28797,8758821184
apple_pie_123782.jpg,0.012378931045532227,Success,28797,8758821184
apple_pie_101251.jpg,0.012527227401733398,Success,28797,8758821184
apple_pie_116705.jpg,0.012259960174560547,Success,28797,8758821184
apple_pie_205716.jpg,0.012336969375610352,Success,28797,8758821184
apple_pie_129668.jpg,0.012263298034667969,Success,28797,8758821184
apple_pie_78081.jpg,0.012887954711914062,Success,28797,8758821184
apple_pie_250066.jpg,0.013170957565307617,Success,28797,8758821184
apple_pie_156078.jpg,0.012060165405273438,Success,28797,8758821184
apple_pie_127721.jpg,0.01203298568725586,Success,28797,8758821184
apple_pie_67826.jpg,0.012106180191040039,Success,28797,8758821184
eggs_benedict_71133.jpg,0.012777090072631836,Success,28797,8758821184
eggs_benedict_86034.jpg,0.013078927993774414,Success,28797,8758821184
eggs_benedict_27567.jpg,0.015944957733154297,Success,28797,8758821184
eggs_benedict_38915.jpg,0.0129852294921875,Success,28797,8758821184
eggs_benedict_8349.jpg,0.012191057205200195,Success,28797,8758821184
eggs_benedict_7718.jpg,0.012797832489013672,Success,28797,8758821184
eggs_benedict_73131.jpg,0.012968063354492188,Success,28797,8758821184
eggs_benedict_16805.jpg,0.01304769515991211,Success,28797,8758821184
eggs_benedict_12041.jpg,0.012277841567993164,Success,28797,8758821184
eggs_benedict_56601.jpg,0.013258934020996094,Success,28797,8758821184
eggs_benedict_92864.jpg,0.011586189270019531,Success,28797,8758821184
eggs_benedict_95702.jpg,0.012858867645263672,Success,28797,8758821184
eggs_benedict_73046.jpg,0.012467145919799805,Success,28797,8758821184
eggs_benedict_21700.jpg,0.012714147567749023,Success,28797,8758821184
eggs_benedict_106227.jpg,0.011530876159667969,Success,28797,8758821184
eggs_benedict_37930.jpg,0.012644052505493164,Success,28797,8758821184
eggs_benedict_73143.jpg,0.012301206588745117,Success,28797,8758821184
eggs_benedict_59345.jpg,0.012284994125366211,Success,28797,8758821184
eggs_benedict_7582.jpg,0.012771129608154297,Success,28797,8758821184
eggs_benedict_42189.jpg,0.013737201690673828,Success,28797,8758821184
eggs_benedict_111198.jpg,0.009643793106079102,Success,28797,8758821184
eggs_benedict_71181.jpg,0.01449894905090332,Success,28797,8758821184
eggs_benedict_32093.jpg,0.012602806091308594,Success,28797,8758821184
eggs_benedict_43454.jpg,0.013196945190429688,Success,28797,8758821184
eggs_benedict_53096.jpg,0.012968063354492188,Success,28797,8758821184
eggs_benedict_61439.jpg,0.01192021369934082,Success,28797,8758821184
eggs_benedict_44135.jpg,0.012292861938476562,Success,28797,8758821184
eggs_benedict_13521.jpg,0.01238393783569336,Success,28797,8758821184
eggs_benedict_40345.jpg,0.01269984245300293,Success,28797,8758821184
eggs_benedict_36576.jpg,0.012273788452148438,Success,28797,8758821184
eggs_benedict_23967.jpg,0.013031005859375,Success,28797,8758821184
eggs_benedict_9428.jpg,0.012638092041015625,Success,28797,8758821184
eggs_benedict_106002.jpg,0.013052940368652344,Success,28797,8758821184
eggs_benedict_7571.jpg,0.013563156127929688,Success,28797,8758821184
eggs_benedict_7177.jpg,0.014404773712158203,Success,28797,8758821184
eggs_benedict_94890.jpg,0.011927127838134766,Success,28797,8758821184
eggs_benedict_72938.jpg,0.013775825500488281,Success,28797,8758821184
eggs_benedict_17684.jpg,0.013683319091796875,Success,28797,8758821184
eggs_benedict_64083.jpg,0.012227058410644531,Success,28797,8758821184
eggs_benedict_113243.jpg,0.018225908279418945,Success,28797,8758821184
eggs_benedict_47464.jpg,0.013819217681884766,Success,28797,8758821184
eggs_benedict_9853.jpg,0.012907028198242188,Success,28797,8758821184
eggs_benedict_62632.jpg,0.012806892395019531,Success,28797,8758821184
eggs_benedict_12882.jpg,0.012458086013793945,Success,28797,8758821184
eggs_benedict_48352.jpg,0.011758089065551758,Success,28797,8758821184
eggs_benedict_51429.jpg,0.012286901473999023,Success,28797,8758821184
eggs_benedict_92306.jpg,0.012355804443359375,Success,28797,8758821184
eggs_benedict_98373.jpg,0.009492158889770508,Success,28797,8758821184
eggs_benedict_64136.jpg,0.01189422607421875,Success,28797,8758821184
eggs_benedict_80930.jpg,0.012830018997192383,Success,28797,8758821184
omelette_176.jpg,0.012385129928588867,Success,28797,8758821184
omelette_55053.jpg,0.012986898422241211,Success,28797,8758821184
omelette_25364.jpg,0.013071060180664062,Success,28797,8758821184
omelette_41958.jpg,0.012336015701293945,Success,28797,8758821184
omelette_137663.jpg,0.013094902038574219,Success,28797,8758821184
omelette_57295.jpg,0.013181924819946289,Success,28797,8758821184
omelette_128155.jpg,0.013513803482055664,Success,28797,8758821184
omelette_73939.jpg,0.01265406608581543,Success,28797,8758821184
omelette_207.jpg,0.012888908386230469,Success,28797,8758821184
omelette_152565.jpg,0.013022899627685547,Success,28797,8758821184
omelette_27826.jpg,0.012677907943725586,Success,28797,8758821184
omelette_39827.jpg,0.013956069946289062,Success,28797,8758821184
omelette_67690.jpg,0.012154340744018555,Success,28797,8758821184
omelette_127217.jpg,0.012592792510986328,Success,28797,8758821184
omelette_29064.jpg,0.02275991439819336,Success,28797,8758821184
omelette_94651.jpg,0.016678810119628906,Success,28797,8758821184
omelette_60317.jpg,0.014018058776855469,Success,28797,8758821184
omelette_64946.jpg,0.012869119644165039,Success,28797,8758821184
omelette_54891.jpg,0.012738943099975586,Success,28797,8758821184
omelette_6266.jpg,0.012458086013793945,Success,28797,8758821184
omelette_107499.jpg,0.012624263763427734,Success,28797,8758821184
omelette_122397.jpg,0.013680219650268555,Success,28797,8758821184
omelette_92386.jpg,0.012063026428222656,Success,28797,8758821184
omelette_28213.jpg,0.012981891632080078,Success,28797,8758821184
omelette_7577.jpg,0.012604951858520508,Success,28797,8758821184
omelette_22850.jpg,0.012593984603881836,Success,28797,8758821184
omelette_84313.jpg,0.013296127319335938,Success,28797,8758821184
omelette_115682.jpg,0.012658119201660156,Success,28797,8758821184
omelette_68184.jpg,0.012223005294799805,Success,28797,8758821184
omelette_108599.jpg,0.012501001358032227,Success,28797,8758821184
omelette_143615.jpg,0.013208866119384766,Success,28797,8758821184
omelette_8093.jpg,0.012077093124389648,Success,28797,8758821184
omelette_17769.jpg,0.012976884841918945,Success,28797,8758821184
omelette_125.jpg,0.013065814971923828,Success,28797,8758821184
omelette_38978.jpg,0.012646198272705078,Success,28797,8758821184
omelette_47438.jpg,0.012666940689086914,Success,28797,8758821184
omelette_15381.jpg,0.012037992477416992,Success,28797,8758821184
omelette_7566.jpg,0.013094902038574219,Success,28797,8758821184
omelette_29620.jpg,0.01292109489440918,Success,28797,8758821184
omelette_30947.jpg,0.012687206268310547,Success,28797,8758821184
omelette_71299.jpg,0.01297903060913086,Success,28797,8758821184
omelette_79767.jpg,0.013138294219970703,Success,28797,8758821184
omelette_119193.jpg,0.012711763381958008,Success,28797,8758821184
omelette_27780.jpg,0.01299595832824707,Success,28797,8758821184
omelette_5932.jpg,0.013421058654785156,Success,28797,8758821184
omelette_74078.jpg,0.012674093246459961,Success,28797,8758821184
omelette_31054.jpg,0.01337289810180664,Success,28797,8758821184
omelette_14149.jpg,0.012726068496704102,Success,28797,8758821184
omelette_52042.jpg,0.014326810836791992,Success,28797,8758821184
omelette_51210.jpg,0.014039039611816406,Success,28797,8758821184
hamburger_91789.jpg,0.01367497444152832,Success,28797,8758821184
hamburger_13211.jpg,0.013309240341186523,Success,28797,8758821184
hamburger_40675.jpg,0.014574050903320312,Success,28797,8758821184
hamburger_91602.jpg,0.012696027755737305,Success,28797,8758821184
hamburger_75550.jpg,0.012997865676879883,Success,28797,8758821184
hamburger_65141.jpg,0.013485193252563477,Success,28797,8758821184
hamburger_5052.jpg,0.012588977813720703,Success,28797,8758821184
hamburger_91566.jpg,0.012644052505493164,Success,28797,8758821184
hamburger_78997.jpg,0.012562274932861328,Success,28797,8758821184
hamburger_68979.jpg,0.013267040252685547,Success,28797,8758821184
hamburger_22723.jpg,0.013275861740112305,Success,28797,8758821184
hamburger_22093.jpg,0.012989997863769531,Success,28797,8758821184
hamburger_14657.jpg,0.013391971588134766,Success,28797,8758821184
hamburger_45547.jpg,0.013322114944458008,Success,28797,8758821184
hamburger_81707.jpg,0.013225078582763672,Success,28797,8758821184
hamburger_73340.jpg,0.013046026229858398,Success,28797,8758821184
hamburger_47595.jpg,0.012994766235351562,Success,28797,8758821184
hamburger_100057.jpg,0.012489080429077148,Success,28797,8758821184
hamburger_100719.jpg,0.013473033905029297,Success,28797,8758821184
hamburger_54507.jpg,0.013416051864624023,Success,28797,8758821184
hamburger_24753.jpg,0.012647867202758789,Success,28797,8758821184
hamburger_72111.jpg,0.013094902038574219,Success,28797,8758821184
hamburger_91710.jpg,0.012536048889160156,Success,28797,8758821184
hamburger_18518.jpg,0.012248992919921875,Success,28797,8758821184
hamburger_72266.jpg,0.01707911491394043,Success,28797,8758821184
hamburger_29455.jpg,0.013792991638183594,Success,28797,8758821184
hamburger_100930.jpg,0.01208806037902832,Success,28797,8758821184
hamburger_13641.jpg,0.012454032897949219,Success,28797,8758821184
hamburger_100517.jpg,0.011930227279663086,Success,28797,8758821184
hamburger_79711.jpg,0.013102054595947266,Success,28797,8758821184
hamburger_25250.jpg,0.012282848358154297,Success,28797,8758821184
hamburger_57610.jpg,0.013599157333374023,Success,28797,8758821184
hamburger_81732.jpg,0.012682914733886719,Success,28797,8758821184
hamburger_22923.jpg,0.01328420639038086,Success,28797,8758821184
hamburger_76817.jpg,0.012788057327270508,Success,28797,8758821184
hamburger_13915.jpg,0.012894153594970703,Success,28797,8758821184
hamburger_47846.jpg,0.012499094009399414,Success,28797,8758821184
hamburger_30012.jpg,0.013059854507446289,Success,28797,8758821184
hamburger_42335.jpg,0.012813091278076172,Success,28797,8758821184
hamburger_76858.jpg,0.01204991340637207,Success,28797,8758821184
hamburger_70019.jpg,0.013042926788330078,Success,28797,8758821184
hamburger_82314.jpg,0.01225590705871582,Success,28797,8758821184
hamburger_60794.jpg,0.012887001037597656,Success,28797,8758821184
hamburger_45064.jpg,0.012476921081542969,Success,28797,8758821184
hamburger_81813.jpg,0.012303829193115234,Success,28797,8758821184
hamburger_97917.jpg,0.012539863586425781,Success,28797,8758821184
hamburger_6432.jpg,0.013767242431640625,Success,28797,8758821184
hamburger_58431.jpg,0.012851953506469727,Success,28797,8758821184
hamburger_90115.jpg,0.011950969696044922,Success,28797,8758821184
hamburger_83196.jpg,0.012744903564453125,Success,28797,8758821184
baby_back_ribs_222607.jpg,0.013541221618652344,Success,28797,8758821184
baby_back_ribs_112032.jpg,0.013529777526855469,Success,28797,8758821184
baby_back_ribs_189367.jpg,0.011417865753173828,Success,28797,8758821184
baby_back_ribs_78713.jpg,0.013280153274536133,Success,28797,8758821184
baby_back_ribs_55326.jpg,0.012965917587280273,Success,28797,8758821184
baby_back_ribs_156707.jpg,0.013592004776000977,Success,28797,8758821184
baby_back_ribs_18596.jpg,0.010887861251831055,Success,28797,8758821184
baby_back_ribs_87739.jpg,0.013280630111694336,Success,28797,8758821184
baby_back_ribs_54203.jpg,0.011348962783813477,Success,28797,8758821184
baby_back_ribs_79780.jpg,0.012848854064941406,Success,28797,8758821184
baby_back_ribs_24726.jpg,0.01289510726928711,Success,28797,8758821184
baby_back_ribs_96180.jpg,0.013208150863647461,Success,28797,8758821184
baby_back_ribs_65208.jpg,0.011745929718017578,Success,28797,8758821184
baby_back_ribs_148270.jpg,0.013962984085083008,Success,28797,8758821184
baby_back_ribs_112142.jpg,0.01402902603149414,Success,28797,8758821184
baby_back_ribs_7557.jpg,0.013010978698730469,Success,28797,8758821184
baby_back_ribs_53898.jpg,0.013041973114013672,Success,28797,8758821184
baby_back_ribs_68204.jpg,0.012199163436889648,Success,28797,8758821184
baby_back_ribs_89565.jpg,0.012676715850830078,Success,28797,8758821184
baby_back_ribs_211120.jpg,0.01279902458190918,Success,28797,8758821184
baby_back_ribs_65686.jpg,0.013106822967529297,Success,28797,8758821184
baby_back_ribs_155690.jpg,0.013235092163085938,Success,28797,8758821184
baby_back_ribs_143583.jpg,0.013231754302978516,Success,28797,8758821184
baby_back_ribs_2432.jpg,0.01238703727722168,Success,28797,8758821184
baby_back_ribs_109256.jpg,0.012416839599609375,Success,28797,8758821184
baby_back_ribs_57607.jpg,0.01370382308959961,Success,28797,8758821184
baby_back_ribs_26834.jpg,0.012477874755859375,Success,28797,8758821184
baby_back_ribs_35719.jpg,0.015026330947875977,Success,28797,8758821184
baby_back_ribs_160194.jpg,0.01339411735534668,Success,28797,8758821184
baby_back_ribs_87031.jpg,0.014477014541625977,Success,28797,8758821184
baby_back_ribs_119255.jpg,0.014527082443237305,Success,28797,8758821184
baby_back_ribs_167990.jpg,0.01395726203918457,Success,28797,8758821184
baby_back_ribs_140335.jpg,0.013396024703979492,Success,28797,8758821184
baby_back_ribs_222130.jpg,0.013609886169433594,Success,28797,8758821184
baby_back_ribs_120576.jpg,0.01283407211303711,Success,28797,8758821184
baby_back_ribs_108211.jpg,0.01280522346496582,Success,28797,8758821184
baby_back_ribs_184567.jpg,0.013859748840332031,Success,28797,8758821184
baby_back_ribs_137626.jpg,0.01389312744140625,Success,28797,8758821184
baby_back_ribs_188943.jpg,0.013033866882324219,Success,28797,8758821184
baby_back_ribs_37492.jpg,0.012327194213867188,Success,28797,8758821184
baby_back_ribs_189917.jpg,0.013206005096435547,Success,28797,8758821184
baby_back_ribs_5712.jpg,0.01305699348449707,Success,28797,8758821184
baby_back_ribs_210253.jpg,0.013755321502685547,Success,28797,8758821184
baby_back_ribs_19325.jpg,0.012471199035644531,Success,28797,8758821184
baby_back_ribs_42451.jpg,0.01210784912109375,Success,28797,8758821184
baby_back_ribs_153883.jpg,0.012417078018188477,Success,28797,8758821184
baby_back_ribs_16366.jpg,0.013498067855834961,Success,28797,8758821184
baby_back_ribs_139044.jpg,0.013306856155395508,Success,28797,8758821184
baby_back_ribs_89493.jpg,0.012607336044311523,Success,28797,8758821184
baby_back_ribs_204183.jpg,0.013130903244018555,Success,28797,8758821184
pancakes_45057.jpg,0.012812137603759766,Success,28797,8758821184
pancakes_106087.jpg,0.012814044952392578,Success,28797,8758821184
pancakes_23449.jpg,0.016794919967651367,Success,28797,8758821184
pancakes_25992.jpg,0.012872934341430664,Success,28797,8758821184
pancakes_104519.jpg,0.011876821517944336,Success,28797,8758821184
pancakes_92527.jpg,0.013499975204467773,Success,28797,8758821184
pancakes_85516.jpg,0.012928962707519531,Success,28797,8758821184
pancakes_49440.jpg,0.013115882873535156,Success,28797,8758821184
pancakes_31263.jpg,0.012299060821533203,Success,28797,8758821184
pancakes_83610.jpg,0.011381149291992188,Success,28797,8758821184
pancakes_92441.jpg,0.016072988510131836,Success,28797,8758821184
pancakes_50338.jpg,0.011840105056762695,Success,28797,8758821184
pancakes_68212.jpg,0.012093782424926758,Success,28797,8758821184
pancakes_75444.jpg,0.01369023323059082,Success,28797,8758821184
pancakes_112642.jpg,0.011326789855957031,Success,28797,8758821184
pancakes_90596.jpg,0.012166261672973633,Success,28797,8758821184
pancakes_47437.jpg,0.01260995864868164,Success,28797,8758821184
pancakes_69250.jpg,0.011605024337768555,Success,28797,8758821184
pancakes_9949.jpg,0.014065742492675781,Success,28797,8758821184
pancakes_76943.jpg,0.01305079460144043,Success,28797,8758821184
pancakes_75441.jpg,0.013000965118408203,Success,28797,8758821184
pancakes_56501.jpg,0.017688989639282227,Success,28797,8758821184
pancakes_77929.jpg,0.013796091079711914,Success,28797,8758821184
pancakes_13285.jpg,0.012771129608154297,Success,28797,8758821184
pancakes_59990.jpg,0.012199878692626953,Success,28797,8758821184
pancakes_115278.jpg,0.012447118759155273,Success,28797,8758821184
pancakes_44091.jpg,0.013403892517089844,Success,28797,8758821184
pancakes_89431.jpg,0.012796163558959961,Success,28797,8758821184
pancakes_76828.jpg,0.013733863830566406,Success,28797,8758821184
pancakes_45158.jpg,0.012022018432617188,Success,28797,8758821184
pancakes_86107.jpg,0.012582063674926758,Success,28797,8758821184
pancakes_12564.jpg,0.012756109237670898,Success,28797,8758821184
pancakes_53205.jpg,0.011800050735473633,Success,28797,8758821184
pancakes_91756.jpg,0.012172937393188477,Success,28797,8758821184
pancakes_79573.jpg,0.01314401626586914,Success,28797,8758821184
pancakes_28661.jpg,0.013235330581665039,Success,28797,8758821184
pancakes_20613.jpg,0.013243913650512695,Success,28797,8758821184
pancakes_118104.jpg,0.0481109619140625,Success,28797,8758821184
pancakes_84956.jpg,0.013075828552246094,Success,28797,8758821184
pancakes_7498.jpg,0.013213872909545898,Success,28797,8758821184
pancakes_111124.jpg,0.012438058853149414,Success,28797,8758821184
pancakes_101450.jpg,0.01305389404296875,Success,28797,8758821184
pancakes_8231.jpg,0.012308120727539062,Success,28797,8758821184
pancakes_119800.jpg,0.018018007278442383,Success,28797,8758821184
pancakes_101644.jpg,0.012746810913085938,Success,28797,8758821184
pancakes_73265.jpg,0.01217508316040039,Success,28797,8758821184
pancakes_83395.jpg,0.013067960739135742,Success,28797,8758821184
pancakes_91418.jpg,0.011118173599243164,Success,28797,8758821184
pancakes_45113.jpg,0.012204647064208984,Success,28797,8758821184
pancakes_122315.jpg,0.013147830963134766,Success,28797,8758821184
dumplings_22350.jpg,0.013015031814575195,Success,28797,8758821184
dumplings_11823.jpg,0.01243281364440918,Success,28797,8758821184
dumplings_18393.jpg,0.012623310089111328,Success,28797,8758821184
dumplings_439.jpg,0.013014078140258789,Success,28797,8758821184
dumplings_34861.jpg,0.012230157852172852,Success,28797,8758821184
dumplings_9309.jpg,0.012512922286987305,Success,28797,8758821184
dumplings_29978.jpg,0.012633800506591797,Success,28797,8758821184
dumplings_62969.jpg,0.012393951416015625,Success,28797,8758821184
dumplings_35788.jpg,0.012945175170898438,Success,28797,8758821184
dumplings_6201.jpg,0.01306605339050293,Success,28797,8758821184
dumplings_35818.jpg,0.012126922607421875,Success,28797,8758821184
dumplings_8372.jpg,0.012326955795288086,Success,28797,8758821184
dumplings_59297.jpg,0.012958288192749023,Success,28797,8758821184
dumplings_14745.jpg,0.01203298568725586,Success,28797,8758821184
dumplings_14079.jpg,0.012394905090332031,Success,28797,8758821184
dumplings_10209.jpg,0.011527776718139648,Success,28797,8758821184
dumplings_711.jpg,0.012420654296875,Success,28797,8758821184
dumplings_38553.jpg,0.012747049331665039,Success,28797,8758821184
dumplings_7421.jpg,0.013300180435180664,Success,28797,8758821184
dumplings_467.jpg,0.013101816177368164,Success,28797,8758821184
dumplings_10436.jpg,0.01345515251159668,Success,28797,8758821184
dumplings_59787.jpg,0.012001991271972656,Success,28797,8758821184
dumplings_16319.jpg,0.01221609115600586,Success,28797,8758821184
dumplings_28220.jpg,0.012454986572265625,Success,28797,8758821184
dumplings_10386.jpg,0.012272834777832031,Success,28797,8758821184
dumplings_31014.jpg,0.012768983840942383,Success,28797,8758821184
dumplings_7624.jpg,0.012847900390625,Success,28797,8758821184
dumplings_39676.jpg,0.012640953063964844,Success,28797,8758821184
dumplings_2239.jpg,0.012344837188720703,Success,28797,8758821184
dumplings_23015.jpg,0.0128326416015625,Success,28797,8758821184
dumplings_2237.jpg,0.012825965881347656,Success,28797,8758821184
dumplings_54697.jpg,0.0120849609375,Success,28797,8758821184
dumplings_53463.jpg,0.011246919631958008,Success,28797,8758821184
dumplings_35485.jpg,0.01255488395690918,Success,28797,8758821184
dumplings_65880.jpg,0.012504100799560547,Success,28797,8758821184
dumplings_44655.jpg,0.012375831604003906,Success,28797,8758821184
dumplings_443.jpg,0.013287067413330078,Success,28797,8758821184
dumplings_53470.jpg,0.010720014572143555,Success,28797,8758821184
dumplings_440.jpg,0.012698173522949219,Success,28797,8758821184
dumplings_33335.jpg,0.013806819915771484,Success,28797,8758821184
dumplings_31046.jpg,0.012167215347290039,Success,28797,8758821184
dumplings_432.jpg,0.013592243194580078,Success,28797,8758821184
dumplings_4545.jpg,0.013123035430908203,Success,28797,8758821184
dumplings_15535.jpg,0.012390851974487305,Success,28797,8758821184
dumplings_593.jpg,0.012347221374511719,Success,28797,8758821184
dumplings_55070.jpg,0.012575149536132812,Success,28797,8758821184
dumplings_9847.jpg,0.012867212295532227,Success,28797,8758821184
dumplings_34460.jpg,0.012795209884643555,Success,28797,8758821184
dumplings_2244.jpg,0.012726068496704102,Success,28797,8758821184
dumplings_64451.jpg,0.01265096664428711,Success,28797,8758821184
fried_rice_61692.jpg,0.013675212860107422,Success,28797,8758821184
fried_rice_139328.jpg,0.013921737670898438,Success,28797,8758821184
fried_rice_2908.jpg,0.013627290725708008,Success,28797,8758821184
fried_rice_157355.jpg,0.012588977813720703,Success,28797,8758821184
fried_rice_1391.jpg,0.011996269226074219,Success,28797,8758821184
fried_rice_73525.jpg,0.013374090194702148,Success,28797,8758821184
fried_rice_117028.jpg,0.013375043869018555,Success,28797,8758821184
fried_rice_127048.jpg,0.012796163558959961,Success,28797,8758821184
fried_rice_152819.jpg,0.01275491714477539,Success,28797,8758821184
fried_rice_15501.jpg,0.012736082077026367,Success,28797,8758821184
fried_rice_153082.jpg,0.012722969055175781,Success,28797,8758821184
fried_rice_125464.jpg,0.013236045837402344,Success,28797,8758821184
fried_rice_158328.jpg,0.013411283493041992,Success,28797,8758821184
fried_rice_131995.jpg,0.013637065887451172,Success,28797,8758821184
fried_rice_156926.jpg,0.013438940048217773,Success,28797,8758821184
fried_rice_63081.jpg,0.012820005416870117,Success,28797,8758821184
fried_rice_51345.jpg,0.013454914093017578,Success,28797,8758821184
fried_rice_1084.jpg,0.012331962585449219,Success,28797,8758821184
fried_rice_64950.jpg,0.012911796569824219,Success,28797,8758821184
fried_rice_148404.jpg,0.012518882751464844,Success,28797,8758821184
fried_rice_59958.jpg,0.012214183807373047,Success,28797,8758821184
fried_rice_92791.jpg,0.01300501823425293,Success,28797,8758821184
fried_rice_92753.jpg,0.011091947555541992,Success,28797,8758821184
fried_rice_55344.jpg,0.012201786041259766,Success,28797,8758821184
fried_rice_12989.jpg,0.013746023178100586,Success,28797,8758821184
fried_rice_108226.jpg,0.013390064239501953,Success,28797,8758821184
fried_rice_64014.jpg,0.011028051376342773,Success,28797,8758821184
fried_rice_72138.jpg,0.013204336166381836,Success,28797,8758821184
fried_rice_86512.jpg,0.012040853500366211,Success,28797,8758821184
fried_rice_147104.jpg,0.012126922607421875,Success,28797,8758821184
fried_rice_119047.jpg,0.013644695281982422,Success,28797,8758821184
fried_rice_10605.jpg,0.012829065322875977,Success,28797,8758821184
fried_rice_41102.jpg,0.012372970581054688,Success,28797,8758821184
fried_rice_29094.jpg,0.011565923690795898,Success,28797,8758821184
fried_rice_114567.jpg,0.013416290283203125,Success,28797,8758821184
fried_rice_28981.jpg,0.013936042785644531,Success,28797,8758821184
fried_rice_59189.jpg,0.012369155883789062,Success,28797,8758821184
fried_rice_69248.jpg,0.011513948440551758,Success,28797,8758821184
fried_rice_51266.jpg,0.01347208023071289,Success,28797,8758821184
fried_rice_61401.jpg,0.013096809387207031,Success,28797,8758821184
fried_rice_135434.jpg,0.012715816497802734,Success,28797,8758821184
fried_rice_2608.jpg,0.015457630157470703,Success,28797,8758821184
fried_rice_68708.jpg,0.013486146926879883,Success,28797,8758821184
fried_rice_128946.jpg,0.012942075729370117,Success,28797,8758821184
fried_rice_61049.jpg,0.012602090835571289,Success,28797,8758821184
fried_rice_137130.jpg,0.012569904327392578,Success,28797,8758821184
fried_rice_49075.jpg,0.013000965118408203,Success,28797,8758821184
fried_rice_67830.jpg,0.012327909469604492,Success,28797,8758821184
fried_rice_76256.jpg,0.014571189880371094,Success,28797,8758821184
fried_rice_26845.jpg,0.012099742889404297,Success,28797,8758821184
oysters_83207.jpg,0.012465715408325195,Success,28797,8758821184
oysters_108651.jpg,0.013130903244018555,Success,28797,8758821184
oysters_33704.jpg,0.012068748474121094,Success,28797,8758821184
oysters_14634.jpg,0.013438224792480469,Success,28797,8758821184
oysters_69805.jpg,0.012739896774291992,Success,28797,8758821184
oysters_35376.jpg,0.013759851455688477,Success,28797,8758821184
oysters_23070.jpg,0.011775970458984375,Success,28797,8758821184
oysters_89248.jpg,0.012706995010375977,Success,28797,8758821184
oysters_13564.jpg,0.013862133026123047,Success,28797,8758821184
oysters_105575.jpg,0.012439727783203125,Success,28797,8758821184
oysters_66918.jpg,0.012985944747924805,Success,28797,8758821184
oysters_40049.jpg,0.01252603530883789,Success,28797,8758821184
oysters_97263.jpg,0.012698173522949219,Success,28797,8758821184
oysters_87267.jpg,0.017539024353027344,Success,28797,8758821184
oysters_64301.jpg,0.012792825698852539,Success,28797,8758821184
oysters_36447.jpg,0.012323856353759766,Success,28797,8758821184
oysters_52401.jpg,0.01289224624633789,Success,28797,8758821184
oysters_98268.jpg,0.013848066329956055,Success,28797,8758821184
oysters_34008.jpg,0.012635946273803711,Success,28797,8758821184
oysters_60854.jpg,0.012893915176391602,Success,28797,8758821184
oysters_39467.jpg,0.013092756271362305,Success,28797,8758821184
oysters_96451.jpg,0.01328420639038086,Success,28797,8758821184
oysters_38153.jpg,0.013567924499511719,Success,28797,8758821184
oysters_92031.jpg,0.012593984603881836,Success,28797,8758821184
oysters_107738.jpg,0.013539791107177734,Success,28797,8758821184
oysters_54856.jpg,0.011626958847045898,Success,28797,8758821184
oysters_46301.jpg,0.013427972793579102,Success,28797,8758821184
oysters_38422.jpg,0.013952970504760742,Success,28797,8758821184
oysters_6458.jpg,0.014049053192138672,Success,28797,8758821184
oysters_49554.jpg,0.013082027435302734,Success,28797,8758821184
oysters_99832.jpg,0.01331472396850586,Success,28797,8758821184
oysters_3523.jpg,0.01145172119140625,Success,28797,8758821184
oysters_3880.jpg,0.012967348098754883,Success,28797,8758821184
oysters_39849.jpg,0.012651920318603516,Success,28797,8758821184
oysters_103236.jpg,0.01305079460144043,Success,28797,8758821184
oysters_109874.jpg,0.010505437850952148,Success,28797,8758821184
oysters_6457.jpg,0.013337850570678711,Success,28797,8758821184
oysters_24629.jpg,0.013199090957641602,Success,28797,8758821184
oysters_59985.jpg,0.0158693790435791,Success,28797,8758821184
oysters_6450.jpg,0.013356685638427734,Success,28797,8758821184
oysters_98313.jpg,0.012431144714355469,Success,28797,8758821184
oysters_85587.jpg,0.013761043548583984,Success,28797,8758821184
oysters_11873.jpg,0.013462066650390625,Success,28797,8758821184
oysters_93643.jpg,0.012626886367797852,Success,28797,8758821184
oysters_73400.jpg,0.012490034103393555,Success,28797,8758821184
oysters_115486.jpg,0.01279306411743164,Success,28797,8758821184
oysters_35194.jpg,0.012189865112304688,Success,28797,8758821184
oysters_113865.jpg,0.013278961181640625,Success,28797,8758821184
oysters_56155.jpg,0.01250314712524414,Success,28797,8758821184
oysters_84239.jpg,0.013697147369384766,Success,28797,8758821184
onion_rings_15729.jpg,0.01243901252746582,Success,28797,8758821184
onion_rings_131732 copy.jpg,0.01273488998413086,Success,28797,8758821184
onion_rings_51208.jpg,0.01320505142211914,Success,28797,8758821184
onion_rings_57508.jpg,0.013788223266601562,Success,28797,8758821184
onion_rings_61737.jpg,0.012688875198364258,Success,28797,8758821184
onion_rings_32597.jpg,0.01295614242553711,Success,28797,8758821184
onion_rings_45047.jpg,0.013072013854980469,Success,28797,8758821184
onion_rings_71645.jpg,0.012998104095458984,Success,28797,8758821184
onion_rings_141436 copy.jpg,0.018134117126464844,Success,28797,8758821184
onion_rings_75146.jpg,0.012804031372070312,Success,28797,8758821184
onion_rings_82479.jpg,0.012763738632202148,Success,28797,8758821184
onion_rings_50766.jpg,0.013794183731079102,Success,28797,8758821184
onion_rings_1126.jpg,0.01220083236694336,Success,28797,8758821184
onion_rings_86863.jpg,0.01306295394897461,Success,28797,8758821184
onion_rings_27707.jpg,0.012612104415893555,Success,28797,8758821184
onion_rings_123878.jpg,0.013598918914794922,Success,28797,8758821184
onion_rings_127174.jpg,0.012858152389526367,Success,28797,8758821184
onion_rings_102531 copy.jpg,0.01238393783569336,Success,28797,8758821184
onion_rings_131668 copy.jpg,0.012044906616210938,Success,28797,8758821184
onion_rings_87362.jpg,0.012191295623779297,Success,28797,8758821184
onion_rings_135519 copy.jpg,0.012748956680297852,Success,28797,8758821184
onion_rings_84253.jpg,0.013412714004516602,Success,28797,8758821184
onion_rings_38345.jpg,0.013224124908447266,Success,28797,8758821184
onion_rings_95986.jpg,0.013215065002441406,Success,28797,8758821184
onion_rings_61621 copy.jpg,0.012726068496704102,Success,28797,8758821184
onion_rings_68177.jpg,0.013782024383544922,Success,28797,8758821184
onion_rings_63624.jpg,0.012768030166625977,Success,28797,8758821184
onion_rings_80540.jpg,0.013271093368530273,Success,28797,8758821184
onion_rings_85376.jpg,0.012166023254394531,Success,28797,8758821184
onion_rings_141436 copy 2.jpg,0.018002033233642578,Success,28797,8758821184
onion_rings_113781.jpg,0.011626005172729492,Success,28797,8758821184
onion_rings_77500.jpg,0.01288914680480957,Success,28797,8758821184
onion_rings_138101.jpg,0.013839960098266602,Success,28797,8758821184
onion_rings_93684.jpg,0.013545036315917969,Success,28797,8758821184
onion_rings_131668.jpg,0.012042045593261719,Success,28797,8758821184
onion_rings_113634.jpg,0.013445138931274414,Success,28797,8758821184
onion_rings_96707.jpg,0.012596845626831055,Success,28797,8758821184
onion_rings_138101 copy.jpg,0.013496160507202148,Success,28797,8758821184
onion_rings_117535.jpg,0.0132598876953125,Success,28797,8758821184
onion_rings_134993 copy.jpg,0.013055086135864258,Success,28797,8758821184
onion_rings_131732.jpg,0.01267099380493164,Success,28797,8758821184
onion_rings_74527.jpg,0.013367891311645508,Success,28797,8758821184
onion_rings_70557.jpg,0.01181793212890625,Success,28797,8758821184
onion_rings_85913.jpg,0.012156009674072266,Success,28797,8758821184
onion_rings_135519.jpg,0.012501955032348633,Success,28797,8758821184
onion_rings_98200.jpg,0.018427133560180664,Success,28797,8758821184
onion_rings_83998.jpg,0.013696908950805664,Success,28797,8758821184
onion_rings_28869.jpg,0.013032913208007812,Success,28797,8758821184
onion_rings_83644 copy.jpg,0.012356042861938477,Success,28797,8758821184
onion_rings_134993.jpg,0.012943029403686523,Success,28797,8758821184
